ID	Label	Type	hasIndex	hasPathEnergy
ID	LABEL	TYPE	I gc:hasIndex	I gc:hasPathEnergy
ex:pathpoint_09aTSaIRCf_1	Path point 1 (backward) 09aTSaIRCf	gc:ReactionPathPoint	1	ex:pathenergy_09aTSaIRCf_1
ex:pathpoint_09aTSaIRCf_2	Path point 2 (backward) 09aTSaIRCf	gc:ReactionPathPoint	2	ex:pathenergy_09aTSaIRCf_2
ex:pathpoint_09aTSaIRCf_3	Path point 3 (backward) 09aTSaIRCf	gc:ReactionPathPoint	3	ex:pathenergy_09aTSaIRCf_3
ex:pathpoint_09aTSaIRCf_4	Path point 4 (backward) 09aTSaIRCf	gc:ReactionPathPoint	4	ex:pathenergy_09aTSaIRCf_4
ex:pathpoint_09aTSaIRCf_5	Path point 5 (backward) 09aTSaIRCf	gc:ReactionPathPoint	5	ex:pathenergy_09aTSaIRCf_5
ex:pathpoint_09aTSaIRCf_6	Path point 6 (backward) 09aTSaIRCf	gc:ReactionPathPoint	6	ex:pathenergy_09aTSaIRCf_6
ex:pathpoint_09aTSaIRCf_7	Path point 7 (backward) 09aTSaIRCf	gc:ReactionPathPoint	7	ex:pathenergy_09aTSaIRCf_7
ex:pathpoint_09aTSaIRCf_8	Path point 8 (backward) 09aTSaIRCf	gc:ReactionPathPoint	8	ex:pathenergy_09aTSaIRCf_8
ex:pathpoint_09aTSaIRCf_9	Path point 9 (backward) 09aTSaIRCf	gc:ReactionPathPoint	9	ex:pathenergy_09aTSaIRCf_9
ex:pathpoint_09aTSaIRCf_10	Path point 10 (backward) 09aTSaIRCf	gc:ReactionPathPoint	10	ex:pathenergy_09aTSaIRCf_10
ex:pathpoint_09aTSaIRCf_11	Path point 11 (backward) 09aTSaIRCf	gc:ReactionPathPoint	11	ex:pathenergy_09aTSaIRCf_11
ex:pathpoint_09aTSaIRCf_12	Path point 12 (backward) 09aTSaIRCf	gc:ReactionPathPoint	12	ex:pathenergy_09aTSaIRCf_12
ex:pathpoint_09aTSaIRCf_13	Path point 13 (backward) 09aTSaIRCf	gc:ReactionPathPoint	13	ex:pathenergy_09aTSaIRCf_13
ex:pathpoint_09aTSaIRCf_14	Path point 14 (backward) 09aTSaIRCf	gc:ReactionPathPoint	14	ex:pathenergy_09aTSaIRCf_14
ex:pathpoint_09aTSaIRCf_15	Path point 15 (backward) 09aTSaIRCf	gc:ReactionPathPoint	15	ex:pathenergy_09aTSaIRCf_15
ex:pathpoint_09aTSaIRCf_16	Path point 16 (backward) 09aTSaIRCf	gc:ReactionPathPoint	16	ex:pathenergy_09aTSaIRCf_16
ex:pathpoint_09aTSaIRCf_17	Path point 17 (backward) 09aTSaIRCf	gc:ReactionPathPoint	17	ex:pathenergy_09aTSaIRCf_17
ex:pathpoint_09aTSaIRCf_18	Path point 18 (backward) 09aTSaIRCf	gc:ReactionPathPoint	18	ex:pathenergy_09aTSaIRCf_18
ex:pathpoint_09aTSaIRCf_19	Path point 19 (backward) 09aTSaIRCf	gc:ReactionPathPoint	19	ex:pathenergy_09aTSaIRCf_19
ex:pathpoint_09aTSaIRCf_20	Path point 20 (backward) 09aTSaIRCf	gc:ReactionPathPoint	20	ex:pathenergy_09aTSaIRCf_20
ex:pathpoint_09aTSaIRCf_21	Path point 21 (backward) 09aTSaIRCf	gc:ReactionPathPoint	21	ex:pathenergy_09aTSaIRCf_21
ex:pathpoint_09aTSaIRCf_22	Path point 22 (backward) 09aTSaIRCf	gc:ReactionPathPoint	22	ex:pathenergy_09aTSaIRCf_22
ex:pathpoint_09aTSaIRCf_23	Path point 23 (backward) 09aTSaIRCf	gc:ReactionPathPoint	23	ex:pathenergy_09aTSaIRCf_23
ex:pathpoint_09aTSaIRCf_24	Path point 24 (backward) 09aTSaIRCf	gc:ReactionPathPoint	24	ex:pathenergy_09aTSaIRCf_24
ex:pathpoint_09aTSaIRCf_25	Path point 25 (backward) 09aTSaIRCf	gc:ReactionPathPoint	25	ex:pathenergy_09aTSaIRCf_25
ex:pathpoint_09aTSaIRCf_26	Path point 26 (backward) 09aTSaIRCf	gc:ReactionPathPoint	26	ex:pathenergy_09aTSaIRCf_26
ex:pathpoint_09aTSaIRCf_27	Path point 27 (backward) 09aTSaIRCf	gc:ReactionPathPoint	27	ex:pathenergy_09aTSaIRCf_27
ex:pathpoint_09aTSaIRCf_28	Path point 28 (backward) 09aTSaIRCf	gc:ReactionPathPoint	28	ex:pathenergy_09aTSaIRCf_28
ex:pathpoint_09aTSaIRCf_29	Path point 29 (backward) 09aTSaIRCf	gc:ReactionPathPoint	29	ex:pathenergy_09aTSaIRCf_29
ex:pathpoint_09aTSaIRCf_30	Path point 30 (backward) 09aTSaIRCf	gc:ReactionPathPoint	30	ex:pathenergy_09aTSaIRCf_30
ex:pathpoint_09aTSaIRCf_31	Path point 31 (backward) 09aTSaIRCf	gc:ReactionPathPoint	31	ex:pathenergy_09aTSaIRCf_31
ex:pathpoint_09aTSaIRCf_32	Path point 32 (backward) 09aTSaIRCf	gc:ReactionPathPoint	32	ex:pathenergy_09aTSaIRCf_32
ex:pathpoint_09aTSaIRCf_33	Path point 33 (backward) 09aTSaIRCf	gc:ReactionPathPoint	33	ex:pathenergy_09aTSaIRCf_33
ex:pathpoint_09aTSaIRCf_34	Path point 34 (backward) 09aTSaIRCf	gc:ReactionPathPoint	34	ex:pathenergy_09aTSaIRCf_34
ex:pathpoint_09aTSaIRCf_35	Path point 35 (backward) 09aTSaIRCf	gc:ReactionPathPoint	35	ex:pathenergy_09aTSaIRCf_35
ex:pathpoint_09aTSaIRCf_36	Path point 36 (backward) 09aTSaIRCf	gc:ReactionPathPoint	36	ex:pathenergy_09aTSaIRCf_36
ex:pathpoint_09aTSaIRCf_37	Path point 37 (backward) 09aTSaIRCf	gc:ReactionPathPoint	37	ex:pathenergy_09aTSaIRCf_37
ex:pathpoint_09aTSaIRCf_38	Path point 38 (backward) 09aTSaIRCf	gc:ReactionPathPoint	38	ex:pathenergy_09aTSaIRCf_38
ex:pathpoint_09aTSaIRCf_39	Path point 39 (backward) 09aTSaIRCf	gc:ReactionPathPoint	39	ex:pathenergy_09aTSaIRCf_39
ex:pathpoint_09aTSaIRCf_40	Path point 40 (backward) 09aTSaIRCf	gc:ReactionPathPoint	40	ex:pathenergy_09aTSaIRCf_40
ex:pathpoint_09aTSaIRCf_41	Path point 41 (backward) 09aTSaIRCf	gc:ReactionPathPoint	41	ex:pathenergy_09aTSaIRCf_41
ex:pathpoint_09aTSaIRCf_42	Path point 42 (backward) 09aTSaIRCf	gc:ReactionPathPoint	42	ex:pathenergy_09aTSaIRCf_42
ex:pathpoint_09aTSaIRCf_43	Path point 43 (backward) 09aTSaIRCf	gc:ReactionPathPoint	43	ex:pathenergy_09aTSaIRCf_43
ex:pathpoint_09aTSaIRCf_44	Path point 44 (forward) 09aTSaIRCf	gc:ReactionPathPoint	44	ex:pathenergy_09aTSaIRCf_44
ex:pathpoint_09aTSaIRCf_45	Path point 45 (forward) 09aTSaIRCf	gc:ReactionPathPoint	45	ex:pathenergy_09aTSaIRCf_45
ex:pathpoint_09aTSaIRCf_46	Path point 46 (forward) 09aTSaIRCf	gc:ReactionPathPoint	46	ex:pathenergy_09aTSaIRCf_46
ex:pathpoint_09aTSaIRCf_47	Path point 47 (forward) 09aTSaIRCf	gc:ReactionPathPoint	47	ex:pathenergy_09aTSaIRCf_47
ex:pathpoint_09aTSaIRCf_48	Path point 48 (forward) 09aTSaIRCf	gc:ReactionPathPoint	48	ex:pathenergy_09aTSaIRCf_48
ex:pathpoint_09aTSaIRCf_49	Path point 49 (forward) 09aTSaIRCf	gc:ReactionPathPoint	49	ex:pathenergy_09aTSaIRCf_49
ex:pathpoint_09aTSaIRCf_50	Path point 50 (forward) 09aTSaIRCf	gc:ReactionPathPoint	50	ex:pathenergy_09aTSaIRCf_50
ex:pathpoint_09aTSaIRCf_51	Path point 51 (forward) 09aTSaIRCf	gc:ReactionPathPoint	51	ex:pathenergy_09aTSaIRCf_51
ex:pathpoint_09aTSaIRCf_52	Path point 52 (forward) 09aTSaIRCf	gc:ReactionPathPoint	52	ex:pathenergy_09aTSaIRCf_52
ex:pathpoint_09aTSaIRCf_53	Path point 53 (forward) 09aTSaIRCf	gc:ReactionPathPoint	53	ex:pathenergy_09aTSaIRCf_53
ex:pathpoint_09aTSaIRCf_54	Path point 54 (forward) 09aTSaIRCf	gc:ReactionPathPoint	54	ex:pathenergy_09aTSaIRCf_54
ex:pathpoint_09aTSaIRCf_55	Path point 55 (forward) 09aTSaIRCf	gc:ReactionPathPoint	55	ex:pathenergy_09aTSaIRCf_55
ex:pathpoint_09aTSaIRCf_56	Path point 56 (forward) 09aTSaIRCf	gc:ReactionPathPoint	56	ex:pathenergy_09aTSaIRCf_56
ex:pathpoint_09aTSaIRCf_57	Path point 57 (forward) 09aTSaIRCf	gc:ReactionPathPoint	57	ex:pathenergy_09aTSaIRCf_57
ex:pathpoint_09aTSaIRCf_58	Path point 58 (forward) 09aTSaIRCf	gc:ReactionPathPoint	58	ex:pathenergy_09aTSaIRCf_58
ex:pathpoint_09aTSaIRCf_59	Path point 59 (forward) 09aTSaIRCf	gc:ReactionPathPoint	59	ex:pathenergy_09aTSaIRCf_59
ex:pathpoint_09aTSaIRCf_60	Path point 60 (forward) 09aTSaIRCf	gc:ReactionPathPoint	60	ex:pathenergy_09aTSaIRCf_60
ex:pathpoint_09aTSaIRCf_61	Path point 61 (forward) 09aTSaIRCf	gc:ReactionPathPoint	61	ex:pathenergy_09aTSaIRCf_61
ex:pathpoint_09aTSaIRCf_62	Path point 62 (forward) 09aTSaIRCf	gc:ReactionPathPoint	62	ex:pathenergy_09aTSaIRCf_62
ex:pathpoint_09aTSaIRCf_63	Path point 63 (forward) 09aTSaIRCf	gc:ReactionPathPoint	63	ex:pathenergy_09aTSaIRCf_63
ex:pathpoint_09aTSaIRCf_64	Path point 64 (forward) 09aTSaIRCf	gc:ReactionPathPoint	64	ex:pathenergy_09aTSaIRCf_64
ex:pathpoint_09aTSaIRCf_65	Path point 65 (forward) 09aTSaIRCf	gc:ReactionPathPoint	65	ex:pathenergy_09aTSaIRCf_65
ex:pathpoint_09aTSaIRCf_66	Path point 66 (forward) 09aTSaIRCf	gc:ReactionPathPoint	66	ex:pathenergy_09aTSaIRCf_66
ex:pathpoint_09aTSaIRCf_67	Path point 67 (forward) 09aTSaIRCf	gc:ReactionPathPoint	67	ex:pathenergy_09aTSaIRCf_67
ex:pathpoint_09aTSaIRCf_68	Path point 68 (forward) 09aTSaIRCf	gc:ReactionPathPoint	68	ex:pathenergy_09aTSaIRCf_68
ex:pathpoint_09aTSaIRCf_69	Path point 69 (forward) 09aTSaIRCf	gc:ReactionPathPoint	69	ex:pathenergy_09aTSaIRCf_69
ex:pathpoint_09aTSaIRCf_70	Path point 70 (forward) 09aTSaIRCf	gc:ReactionPathPoint	70	ex:pathenergy_09aTSaIRCf_70
ex:pathpoint_09aTSaIRCf_71	Path point 71 (forward) 09aTSaIRCf	gc:ReactionPathPoint	71	ex:pathenergy_09aTSaIRCf_71
ex:pathpoint_09aTSaIRCf_72	Path point 72 (forward) 09aTSaIRCf	gc:ReactionPathPoint	72	ex:pathenergy_09aTSaIRCf_72
ex:pathpoint_09aTSaIRCf_73	Path point 73 (forward) 09aTSaIRCf	gc:ReactionPathPoint	73	ex:pathenergy_09aTSaIRCf_73
ex:pathpoint_09aTSaIRCf_74	Path point 74 (forward) 09aTSaIRCf	gc:ReactionPathPoint	74	ex:pathenergy_09aTSaIRCf_74
ex:pathpoint_09aTSaIRCf_75	Path point 75 (forward) 09aTSaIRCf	gc:ReactionPathPoint	75	ex:pathenergy_09aTSaIRCf_75
ex:pathpoint_09aTSaIRCf_76	Path point 76 (forward) 09aTSaIRCf	gc:ReactionPathPoint	76	ex:pathenergy_09aTSaIRCf_76
ex:pathpoint_09aTSaIRCf_77	Path point 77 (forward) 09aTSaIRCf	gc:ReactionPathPoint	77	ex:pathenergy_09aTSaIRCf_77
ex:pathpoint_09aTSaIRCf_78	Path point 78 (forward) 09aTSaIRCf	gc:ReactionPathPoint	78	ex:pathenergy_09aTSaIRCf_78
ex:pathpoint_09aTSaIRCf_79	Path point 79 (forward) 09aTSaIRCf	gc:ReactionPathPoint	79	ex:pathenergy_09aTSaIRCf_79
ex:pathpoint_09aTSaIRCf_80	Path point 80 (forward) 09aTSaIRCf	gc:ReactionPathPoint	80	ex:pathenergy_09aTSaIRCf_80
ex:pathpoint_09aTSaIRCf_81	Path point 81 (forward) 09aTSaIRCf	gc:ReactionPathPoint	81	ex:pathenergy_09aTSaIRCf_81
ex:pathpoint_09aTSaIRCf_82	Path point 82 (forward) 09aTSaIRCf	gc:ReactionPathPoint	82	ex:pathenergy_09aTSaIRCf_82
ex:pathpoint_09aTSaIRCf_83	Path point 83 (forward) 09aTSaIRCf	gc:ReactionPathPoint	83	ex:pathenergy_09aTSaIRCf_83
ex:pathpoint_09aTSaIRCf_84	Path point 84 (forward) 09aTSaIRCf	gc:ReactionPathPoint	84	ex:pathenergy_09aTSaIRCf_84
ex:pathpoint_09aTSaIRCf_85	Path point 85 (forward) 09aTSaIRCf	gc:ReactionPathPoint	85	ex:pathenergy_09aTSaIRCf_85
ex:pathpoint_09aTSaIRCf_86	Path point 86 (forward) 09aTSaIRCf	gc:ReactionPathPoint	86	ex:pathenergy_09aTSaIRCf_86
ex:pathpoint_09aTSaIRCf_87	Path point 87 (forward) 09aTSaIRCf	gc:ReactionPathPoint	87	ex:pathenergy_09aTSaIRCf_87
ex:pathpoint_09aTSaIRCf_88	Path point 88 (forward) 09aTSaIRCf	gc:ReactionPathPoint	88	ex:pathenergy_09aTSaIRCf_88
ex:pathpoint_09aTSaIRCf_89	Path point 89 (forward) 09aTSaIRCf	gc:ReactionPathPoint	89	ex:pathenergy_09aTSaIRCf_89
ex:pathpoint_09aTSaIRCf_90	Path point 90 (forward) 09aTSaIRCf	gc:ReactionPathPoint	90	ex:pathenergy_09aTSaIRCf_90
ex:pathpoint_09aTSaIRCf_91	Path point 91 (forward) 09aTSaIRCf	gc:ReactionPathPoint	91	ex:pathenergy_09aTSaIRCf_91
ex:pathpoint_09aTSaIRCf_92	Path point 92 (forward) 09aTSaIRCf	gc:ReactionPathPoint	92	ex:pathenergy_09aTSaIRCf_92
ex:pathpoint_09aTSaIRCf_93	Path point 93 (forward) 09aTSaIRCf	gc:ReactionPathPoint	93	ex:pathenergy_09aTSaIRCf_93
ex:pathpoint_09aTSaIRCf_94	Path point 94 (forward) 09aTSaIRCf	gc:ReactionPathPoint	94	ex:pathenergy_09aTSaIRCf_94
ex:pathpoint_09aTSaIRCf_95	Path point 95 (forward) 09aTSaIRCf	gc:ReactionPathPoint	95	ex:pathenergy_09aTSaIRCf_95
ex:pathpoint_09aTSaIRCf_96	Path point 96 (forward) 09aTSaIRCf	gc:ReactionPathPoint	96	ex:pathenergy_09aTSaIRCf_96
ex:pathpoint_09aTSaIRCf_97	Path point 97 (forward) 09aTSaIRCf	gc:ReactionPathPoint	97	ex:pathenergy_09aTSaIRCf_97
ex:pathpoint_09aTSaIRCf_98	Path point 98 (forward) 09aTSaIRCf	gc:ReactionPathPoint	98	ex:pathenergy_09aTSaIRCf_98
ex:pathpoint_09aTSaIRCf_99	Path point 99 (forward) 09aTSaIRCf	gc:ReactionPathPoint	99	ex:pathenergy_09aTSaIRCf_99
ex:pathpoint_09aTSaIRCf_100	Path point 100 (forward) 09aTSaIRCf	gc:ReactionPathPoint	100	ex:pathenergy_09aTSaIRCf_100
ex:pathpoint_09aTSaIRCf_101	Path point 101 (forward) 09aTSaIRCf	gc:ReactionPathPoint	101	ex:pathenergy_09aTSaIRCf_101
ex:pathpoint_09aTSaIRCf_102	Path point 102 (forward) 09aTSaIRCf	gc:ReactionPathPoint	102	ex:pathenergy_09aTSaIRCf_102
ex:pathpoint_09aTSaIRCf_103	Path point 103 (forward) 09aTSaIRCf	gc:ReactionPathPoint	103	ex:pathenergy_09aTSaIRCf_103
ex:pathpoint_09aTSaIRCf_104	Path point 104 (forward) 09aTSaIRCf	gc:ReactionPathPoint	104	ex:pathenergy_09aTSaIRCf_104
ex:pathpoint_09aTSaIRCf_105	Path point 105 (forward) 09aTSaIRCf	gc:ReactionPathPoint	105	ex:pathenergy_09aTSaIRCf_105
ex:pathpoint_09aTSaIRCf_106	Path point 106 (forward) 09aTSaIRCf	gc:ReactionPathPoint	106	ex:pathenergy_09aTSaIRCf_106
ex:pathpoint_09aTSaIRCf_107	Path point 107 (forward) 09aTSaIRCf	gc:ReactionPathPoint	107	ex:pathenergy_09aTSaIRCf_107
ex:pathpoint_09aTSaIRCf_108	Path point 108 (forward) 09aTSaIRCf	gc:ReactionPathPoint	108	ex:pathenergy_09aTSaIRCf_108
ex:pathpoint_09aTSaIRCf_109	Path point 109 (forward) 09aTSaIRCf	gc:ReactionPathPoint	109	ex:pathenergy_09aTSaIRCf_109
ex:pathpoint_09aTSaIRCf_110	Path point 110 (forward) 09aTSaIRCf	gc:ReactionPathPoint	110	ex:pathenergy_09aTSaIRCf_110
ex:pathpoint_09aTSaIRCf_111	Path point 111 (forward) 09aTSaIRCf	gc:ReactionPathPoint	111	ex:pathenergy_09aTSaIRCf_111
ex:pathpoint_09aTSaIRCf_112	Path point 112 (forward) 09aTSaIRCf	gc:ReactionPathPoint	112	ex:pathenergy_09aTSaIRCf_112
ex:pathpoint_09aTSaIRCf_113	Path point 113 (forward) 09aTSaIRCf	gc:ReactionPathPoint	113	ex:pathenergy_09aTSaIRCf_113
ex:pathpoint_09aTSaIRCf_114	Path point 114 (forward) 09aTSaIRCf	gc:ReactionPathPoint	114	ex:pathenergy_09aTSaIRCf_114
ex:pathpoint_09aTSaIRCf_115	Path point 115 (forward) 09aTSaIRCf	gc:ReactionPathPoint	115	ex:pathenergy_09aTSaIRCf_115
ex:pathpoint_09aTSaIRCf_116	Path point 116 (forward) 09aTSaIRCf	gc:ReactionPathPoint	116	ex:pathenergy_09aTSaIRCf_116
ex:pathpoint_09aTSaIRCf_117	Path point 117 (forward) 09aTSaIRCf	gc:ReactionPathPoint	117	ex:pathenergy_09aTSaIRCf_117
ex:pathpoint_09aTSaIRCf_118	Path point 118 (forward) 09aTSaIRCf	gc:ReactionPathPoint	118	ex:pathenergy_09aTSaIRCf_118
ex:pathpoint_09aTSaIRCf_119	Path point 119 (forward) 09aTSaIRCf	gc:ReactionPathPoint	119	ex:pathenergy_09aTSaIRCf_119
ex:pathpoint_09aTSaIRCf_120	Path point 120 (forward) 09aTSaIRCf	gc:ReactionPathPoint	120	ex:pathenergy_09aTSaIRCf_120
ex:pathpoint_09aTSaIRCf_121	Path point 121 (forward) 09aTSaIRCf	gc:ReactionPathPoint	121	ex:pathenergy_09aTSaIRCf_121
ex:pathpoint_09aTSaIRCf_122	Path point 122 (forward) 09aTSaIRCf	gc:ReactionPathPoint	122	ex:pathenergy_09aTSaIRCf_122
ex:pathpoint_09aTSaIRCf_123	Path point 123 (forward) 09aTSaIRCf	gc:ReactionPathPoint	123	ex:pathenergy_09aTSaIRCf_123
ex:pathpoint_09aTSaIRCf_124	Path point 124 (forward) 09aTSaIRCf	gc:ReactionPathPoint	124	ex:pathenergy_09aTSaIRCf_124
ex:pathpoint_09aTSaIRCf_125	Path point 125 (forward) 09aTSaIRCf	gc:ReactionPathPoint	125	ex:pathenergy_09aTSaIRCf_125
ex:pathpoint_09aTSaIRCf_126	Path point 126 (forward) 09aTSaIRCf	gc:ReactionPathPoint	126	ex:pathenergy_09aTSaIRCf_126
ex:pathpoint_09aTSaIRCf_127	Path point 127 (forward) 09aTSaIRCf	gc:ReactionPathPoint	127	ex:pathenergy_09aTSaIRCf_127
ex:pathpoint_09aTSaIRCf_128	Path point 128 (forward) 09aTSaIRCf	gc:ReactionPathPoint	128	ex:pathenergy_09aTSaIRCf_128
ex:pathpoint_09aTSaIRCf_129	Path point 129 (forward) 09aTSaIRCf	gc:ReactionPathPoint	129	ex:pathenergy_09aTSaIRCf_129
ex:pathpoint_09aTSaIRCf_130	Path point 130 (forward) 09aTSaIRCf	gc:ReactionPathPoint	130	ex:pathenergy_09aTSaIRCf_130
ex:pathpoint_09aTSaIRCf_131	Path point 131 (forward) 09aTSaIRCf	gc:ReactionPathPoint	131	ex:pathenergy_09aTSaIRCf_131
ex:pathpoint_09aTSaIRCf_132	Path point 132 (forward) 09aTSaIRCf	gc:ReactionPathPoint	132	ex:pathenergy_09aTSaIRCf_132
ex:pathpoint_09aTSaIRCf_133	Path point 133 (forward) 09aTSaIRCf	gc:ReactionPathPoint	133	ex:pathenergy_09aTSaIRCf_133
ex:pathpoint_09aTSaIRCf_134	Path point 134 (forward) 09aTSaIRCf	gc:ReactionPathPoint	134	ex:pathenergy_09aTSaIRCf_134
ex:pathpoint_09aTSaIRCf_135	Path point 135 (forward) 09aTSaIRCf	gc:ReactionPathPoint	135	ex:pathenergy_09aTSaIRCf_135
ex:pathpoint_09aTSaIRCf_136	Path point 136 (forward) 09aTSaIRCf	gc:ReactionPathPoint	136	ex:pathenergy_09aTSaIRCf_136
ex:pathpoint_09aTSaIRCf_137	Path point 137 (forward) 09aTSaIRCf	gc:ReactionPathPoint	137	ex:pathenergy_09aTSaIRCf_137
ex:pathpoint_09aTSaIRCf_138	Path point 138 (forward) 09aTSaIRCf	gc:ReactionPathPoint	138	ex:pathenergy_09aTSaIRCf_138
ex:pathpoint_09aTSaIRCf_139	Path point 139 (forward) 09aTSaIRCf	gc:ReactionPathPoint	139	ex:pathenergy_09aTSaIRCf_139
ex:pathpoint_09aTSaIRCf_140	Path point 140 (forward) 09aTSaIRCf	gc:ReactionPathPoint	140	ex:pathenergy_09aTSaIRCf_140
ex:pathpoint_09aTSaIRCf_141	Path point 141 (forward) 09aTSaIRCf	gc:ReactionPathPoint	141	ex:pathenergy_09aTSaIRCf_141
ex:pathpoint_09aTSaIRCf_142	Path point 142 (forward) 09aTSaIRCf	gc:ReactionPathPoint	142	ex:pathenergy_09aTSaIRCf_142
ex:pathpoint_09aTSaIRCf_143	Path point 143 (forward) 09aTSaIRCf	gc:ReactionPathPoint	143	ex:pathenergy_09aTSaIRCf_143
ex:pathpoint_09aTSaIRCf_144	Path point 144 (forward) 09aTSaIRCf	gc:ReactionPathPoint	144	ex:pathenergy_09aTSaIRCf_144
ex:pathpoint_09aTSaIRCf_145	Path point 145 (forward) 09aTSaIRCf	gc:ReactionPathPoint	145	ex:pathenergy_09aTSaIRCf_145
ex:pathpoint_09aTSaIRCf_146	Path point 146 (forward) 09aTSaIRCf	gc:ReactionPathPoint	146	ex:pathenergy_09aTSaIRCf_146
ex:pathpoint_09aTSaIRCf_147	Path point 147 (forward) 09aTSaIRCf	gc:ReactionPathPoint	147	ex:pathenergy_09aTSaIRCf_147
ex:pathpoint_09aTSaIRCf_148	Path point 148 (forward) 09aTSaIRCf	gc:ReactionPathPoint	148	ex:pathenergy_09aTSaIRCf_148
ex:pathpoint_09aTSaIRCf_149	Path point 149 (forward) 09aTSaIRCf	gc:ReactionPathPoint	149	ex:pathenergy_09aTSaIRCf_149
ex:pathpoint_09aTSaIRCf_150	Path point 150 (forward) 09aTSaIRCf	gc:ReactionPathPoint	150	ex:pathenergy_09aTSaIRCf_150
ex:pathpoint_09aTSaIRCf_151	Path point 151 (forward) 09aTSaIRCf	gc:ReactionPathPoint	151	ex:pathenergy_09aTSaIRCf_151
ex:pathpoint_09aTSaIRCf_152	Path point 152 (forward) 09aTSaIRCf	gc:ReactionPathPoint	152	ex:pathenergy_09aTSaIRCf_152
ex:pathpoint_09aTSaIRCf_153	Path point 153 (forward) 09aTSaIRCf	gc:ReactionPathPoint	153	ex:pathenergy_09aTSaIRCf_153
ex:pathpoint_09aTSaIRCf_154	Path point 154 (forward) 09aTSaIRCf	gc:ReactionPathPoint	154	ex:pathenergy_09aTSaIRCf_154
ex:pathpoint_09aTSaIRCf_155	Path point 155 (forward) 09aTSaIRCf	gc:ReactionPathPoint	155	ex:pathenergy_09aTSaIRCf_155
ex:pathpoint_09aTSaIRCf_156	Path point 156 (forward) 09aTSaIRCf	gc:ReactionPathPoint	156	ex:pathenergy_09aTSaIRCf_156
ex:pathpoint_09aTSaIRCf_157	Path point 157 (forward) 09aTSaIRCf	gc:ReactionPathPoint	157	ex:pathenergy_09aTSaIRCf_157
ex:pathpoint_09aTSaIRCf_158	Path point 158 (forward) 09aTSaIRCf	gc:ReactionPathPoint	158	ex:pathenergy_09aTSaIRCf_158
ex:pathpoint_09aTSaIRCf_159	Path point 159 (forward) 09aTSaIRCf	gc:ReactionPathPoint	159	ex:pathenergy_09aTSaIRCf_159
ex:pathpoint_09aTSaIRCf_160	Path point 160 (forward) 09aTSaIRCf	gc:ReactionPathPoint	160	ex:pathenergy_09aTSaIRCf_160
ex:pathpoint_09aTSaIRCf_161	Path point 161 (forward) 09aTSaIRCf	gc:ReactionPathPoint	161	ex:pathenergy_09aTSaIRCf_161
ex:pathpoint_09aTSaIRCf_162	Path point 162 (forward) 09aTSaIRCf	gc:ReactionPathPoint	162	ex:pathenergy_09aTSaIRCf_162
ex:pathpoint_09aTSaIRCf_163	Path point 163 (forward) 09aTSaIRCf	gc:ReactionPathPoint	163	ex:pathenergy_09aTSaIRCf_163
ex:pathpoint_09aTSaIRCf_164	Path point 164 (forward) 09aTSaIRCf	gc:ReactionPathPoint	164	ex:pathenergy_09aTSaIRCf_164
ex:pathpoint_09aTSaIRCf_165	Path point 165 (forward) 09aTSaIRCf	gc:ReactionPathPoint	165	ex:pathenergy_09aTSaIRCf_165
ex:pathpoint_09aTSaIRCf_166	Path point 166 (forward) 09aTSaIRCf	gc:ReactionPathPoint	166	ex:pathenergy_09aTSaIRCf_166
ex:pathpoint_09aTSaIRCf_167	Path point 167 (forward) 09aTSaIRCf	gc:ReactionPathPoint	167	ex:pathenergy_09aTSaIRCf_167
ex:pathpoint_09aTSaIRCf_168	Path point 168 (forward) 09aTSaIRCf	gc:ReactionPathPoint	168	ex:pathenergy_09aTSaIRCf_168
ex:pathpoint_09aTSaIRCf_169	Path point 169 (forward) 09aTSaIRCf	gc:ReactionPathPoint	169	ex:pathenergy_09aTSaIRCf_169
ex:pathpoint_09aTSaIRCf_170	Path point 170 (forward) 09aTSaIRCf	gc:ReactionPathPoint	170	ex:pathenergy_09aTSaIRCf_170
ex:pathpoint_09aTSaIRCf_171	Path point 171 (forward) 09aTSaIRCf	gc:ReactionPathPoint	171	ex:pathenergy_09aTSaIRCf_171
ex:pathpoint_09aTSaIRCf_172	Path point 172 (forward) 09aTSaIRCf	gc:ReactionPathPoint	172	ex:pathenergy_09aTSaIRCf_172
ex:pathpoint_09aTSaIRCf_173	Path point 173 (forward) 09aTSaIRCf	gc:ReactionPathPoint	173	ex:pathenergy_09aTSaIRCf_173
ex:pathpoint_09aTSaIRCf_174	Path point 174 (forward) 09aTSaIRCf	gc:ReactionPathPoint	174	ex:pathenergy_09aTSaIRCf_174
ex:pathpoint_09aTSaIRCf_175	Path point 175 (forward) 09aTSaIRCf	gc:ReactionPathPoint	175	ex:pathenergy_09aTSaIRCf_175
ex:pathpoint_09aTSaIRCf_176	Path point 176 (forward) 09aTSaIRCf	gc:ReactionPathPoint	176	ex:pathenergy_09aTSaIRCf_176
ex:pathpoint_09aTSaIRCf_177	Path point 177 (forward) 09aTSaIRCf	gc:ReactionPathPoint	177	ex:pathenergy_09aTSaIRCf_177
ex:pathpoint_09aTSaIRCf_178	Path point 178 (forward) 09aTSaIRCf	gc:ReactionPathPoint	178	ex:pathenergy_09aTSaIRCf_178
ex:pathpoint_09aTSaIRCf_179	Path point 179 (forward) 09aTSaIRCf	gc:ReactionPathPoint	179	ex:pathenergy_09aTSaIRCf_179
ex:pathpoint_09aTSaIRCf_180	Path point 180 (forward) 09aTSaIRCf	gc:ReactionPathPoint	180	ex:pathenergy_09aTSaIRCf_180
ex:pathpoint_09aTSaIRCf_181	Path point 181 (forward) 09aTSaIRCf	gc:ReactionPathPoint	181	ex:pathenergy_09aTSaIRCf_181
ex:pathpoint_09aTSaIRCf_182	Path point 182 (forward) 09aTSaIRCf	gc:ReactionPathPoint	182	ex:pathenergy_09aTSaIRCf_182
ex:pathpoint_09aTSaIRCf_183	Path point 183 (forward) 09aTSaIRCf	gc:ReactionPathPoint	183	ex:pathenergy_09aTSaIRCf_183
ex:pathpoint_09aTSaIRCf_184	Path point 184 (forward) 09aTSaIRCf	gc:ReactionPathPoint	184	ex:pathenergy_09aTSaIRCf_184
ex:pathpoint_09aTSaIRCf_185	Path point 185 (forward) 09aTSaIRCf	gc:ReactionPathPoint	185	ex:pathenergy_09aTSaIRCf_185
ex:pathpoint_09aTSaIRCf_186	Path point 186 (forward) 09aTSaIRCf	gc:ReactionPathPoint	186	ex:pathenergy_09aTSaIRCf_186
ex:pathpoint_09aTSaIRCf_187	Path point 187 (forward) 09aTSaIRCf	gc:ReactionPathPoint	187	ex:pathenergy_09aTSaIRCf_187
ex:pathpoint_09aTSaIRCf_188	Path point 188 (forward) 09aTSaIRCf	gc:ReactionPathPoint	188	ex:pathenergy_09aTSaIRCf_188
ex:pathpoint_09aTSaIRCf_189	Path point 189 (forward) 09aTSaIRCf	gc:ReactionPathPoint	189	ex:pathenergy_09aTSaIRCf_189
ex:pathpoint_09aTSaIRCf_190	Path point 190 (forward) 09aTSaIRCf	gc:ReactionPathPoint	190	ex:pathenergy_09aTSaIRCf_190
ex:pathpoint_09aTSaIRCf_191	Path point 191 (forward) 09aTSaIRCf	gc:ReactionPathPoint	191	ex:pathenergy_09aTSaIRCf_191
ex:pathpoint_09aTSaIRCf_192	Path point 192 (forward) 09aTSaIRCf	gc:ReactionPathPoint	192	ex:pathenergy_09aTSaIRCf_192
ex:pathpoint_09aTSaIRCf_193	Path point 193 (forward) 09aTSaIRCf	gc:ReactionPathPoint	193	ex:pathenergy_09aTSaIRCf_193
ex:pathpoint_09aTSaIRCf_194	Path point 194 (forward) 09aTSaIRCf	gc:ReactionPathPoint	194	ex:pathenergy_09aTSaIRCf_194
ex:pathpoint_09aTSaIRCf_195	Path point 195 (forward) 09aTSaIRCf	gc:ReactionPathPoint	195	ex:pathenergy_09aTSaIRCf_195
ex:pathpoint_09aTSaIRCf_196	Path point 196 (forward) 09aTSaIRCf	gc:ReactionPathPoint	196	ex:pathenergy_09aTSaIRCf_196
ex:pathpoint_09aTSaIRCf_197	Path point 197 (forward) 09aTSaIRCf	gc:ReactionPathPoint	197	ex:pathenergy_09aTSaIRCf_197
ex:pathpoint_09aTSaIRCf_198	Path point 198 (forward) 09aTSaIRCf	gc:ReactionPathPoint	198	ex:pathenergy_09aTSaIRCf_198
ex:pathpoint_09aTSaIRCf_199	Path point 199 (forward) 09aTSaIRCf	gc:ReactionPathPoint	199	ex:pathenergy_09aTSaIRCf_199
ex:pathpoint_09aTSaIRCf_200	Path point 200 (forward) 09aTSaIRCf	gc:ReactionPathPoint	200	ex:pathenergy_09aTSaIRCf_200
ex:pathpoint_09aTSaIRCf_201	Path point 201 (forward) 09aTSaIRCf	gc:ReactionPathPoint	201	ex:pathenergy_09aTSaIRCf_201
ex:pathpoint_09aTSaIRCf_202	Path point 202 (forward) 09aTSaIRCf	gc:ReactionPathPoint	202	ex:pathenergy_09aTSaIRCf_202
ex:pathpoint_09aTSaIRCf_203	Path point 203 (forward) 09aTSaIRCf	gc:ReactionPathPoint	203	ex:pathenergy_09aTSaIRCf_203
ex:pathpoint_09aTSaIRCf_204	Path point 204 (forward) 09aTSaIRCf	gc:ReactionPathPoint	204	ex:pathenergy_09aTSaIRCf_204
ex:pathpoint_09aTSaIRCf_205	Path point 205 (forward) 09aTSaIRCf	gc:ReactionPathPoint	205	ex:pathenergy_09aTSaIRCf_205
ex:pathpoint_09aTSaIRCf_206	Path point 206 (forward) 09aTSaIRCf	gc:ReactionPathPoint	206	ex:pathenergy_09aTSaIRCf_206
ex:pathpoint_09aTSaIRCf_207	Path point 207 (forward) 09aTSaIRCf	gc:ReactionPathPoint	207	ex:pathenergy_09aTSaIRCf_207
ex:pathpoint_09aTSaIRCf_208	Path point 208 (forward) 09aTSaIRCf	gc:ReactionPathPoint	208	ex:pathenergy_09aTSaIRCf_208
ex:pathpoint_09aTSaIRCf_209	Path point 209 (forward) 09aTSaIRCf	gc:ReactionPathPoint	209	ex:pathenergy_09aTSaIRCf_209
ex:pathpoint_09aTSaIRCf_210	Path point 210 (forward) 09aTSaIRCf	gc:ReactionPathPoint	210	ex:pathenergy_09aTSaIRCf_210
ex:pathpoint_09aTSaIRCf_211	Path point 211 (forward) 09aTSaIRCf	gc:ReactionPathPoint	211	ex:pathenergy_09aTSaIRCf_211
ex:pathpoint_09aTSaIRCf_212	Path point 212 (forward) 09aTSaIRCf	gc:ReactionPathPoint	212	ex:pathenergy_09aTSaIRCf_212
ex:pathpoint_09aTSaIRCf_213	Path point 213 (forward) 09aTSaIRCf	gc:ReactionPathPoint	213	ex:pathenergy_09aTSaIRCf_213
ex:pathpoint_09aTSaIRCf_214	Path point 214 (forward) 09aTSaIRCf	gc:ReactionPathPoint	214	ex:pathenergy_09aTSaIRCf_214
ex:pathpoint_09aTSaIRCf_215	Path point 215 (forward) 09aTSaIRCf	gc:ReactionPathPoint	215	ex:pathenergy_09aTSaIRCf_215
ex:pathpoint_09aTSaIRCf_216	Path point 216 (forward) 09aTSaIRCf	gc:ReactionPathPoint	216	ex:pathenergy_09aTSaIRCf_216
ex:pathpoint_09aTSaIRCf_217	Path point 217 (forward) 09aTSaIRCf	gc:ReactionPathPoint	217	ex:pathenergy_09aTSaIRCf_217
ex:pathpoint_09aTSaIRCf_218	Path point 218 (forward) 09aTSaIRCf	gc:ReactionPathPoint	218	ex:pathenergy_09aTSaIRCf_218
ex:pathpoint_09aTSaIRCf_219	Path point 219 (forward) 09aTSaIRCf	gc:ReactionPathPoint	219	ex:pathenergy_09aTSaIRCf_219
ex:pathpoint_09aTSaIRCf_220	Path point 220 (forward) 09aTSaIRCf	gc:ReactionPathPoint	220	ex:pathenergy_09aTSaIRCf_220
